gene,cluster_id,max_level_survived,mean_log2fc,direction
EPHA2,0,4,1.1011834990175584,up
ETS2,0,4,0.8606074260424172,up
GZMB,0,4,1.857567125293416,up
IL1B,0,4,1.4340664913914696,up
IRS2,0,4,1.1637481102596279,up
ODC1,0,4,1.0548317760115804,up
PLAUR,0,4,0.8945059701892152,up
PMAIP1,0,4,1.3969178709823487,up
WEE1,0,4,0.811394329353139,up
ABCG2,1,4,-4.2963092007769275,down
ANPEP,1,4,-3.720320333721856,down
CDKN2B,1,4,-3.129991271741203,down
CXCL12,1,4,-3.50719562830205,down
NR1H4,1,4,-3.272612323928305,down
SLC26A3,1,4,-3.5784139272353985,down
ABCB1,2,4,-1.8963828424935574,down
ALDH1A1,2,4,-1.986974041254175,down
APC,2,4,-1.0941148523710484,down
BCL2,2,4,-1.5822192675234055,down
BMP2,2,4,-1.6391157682711566,down
CLDN7,2,4,-0.8797278989674341,down
DCLK1,2,4,-1.4315835368248255,down
DPYD,2,4,-1.6831412654438591,down
GPA33,2,4,-1.6738081031571965,down
KLF4,2,4,-1.9670786659214183,down
KRT20,2,4,-1.8380807103854835,down
RSPO2,2,4,-1.7159524227223726,down
ZEB2,2,4,-1.250722895597247,down
FABP1,3,4,-2.363019461288557,down
FGFR2,3,4,-2.20571970751081,down
IL6R,3,4,-2.4018787894220734,down
MUC2,3,4,-2.2244660025839527,down
SFRP1,3,4,-2.5093877976308456,down
UGT1A1,3,4,-2.331881474788989,down
ABCC1,4,4,1.5497042608539193,up
BIRC5,4,4,1.6087019601024302,up
BRCA2,4,4,1.6154011895177056,up
CCNE1,4,4,1.451683278035464,up
FASN,4,4,1.6171970199507915,up
JAG2,4,4,1.487023524033295,up
PHGDH,4,4,1.466129495289404,up
SFRP4,4,4,1.4780346109667561,up
SRM,4,4,1.4487594320027908,up
WNT5A,4,4,1.4936031142057835,up
CDC20,5,4,1.377853805520119,up
CDK4,5,4,1.2637428780294073,up
EPHB4,5,4,1.2963836545280965,up
NKD2,5,4,1.3809379318668231,up
SKP2,5,4,1.2097028708541104,up
SOX4,5,4,1.3320459941468623,up
BRCA1,6,4,1.1367555883026477,up
EXO1,6,4,1.325750007242083,up
FOXA2,6,4,1.4323034843293512,up
SHH,6,4,1.158877515457269,up
VEGFA,6,4,1.1806137547914173,up
CASP9,7,4,-0.052553289244092305,down
ERRFI1,7,4,0.3775557955337276,up
FOS,7,4,0.6785389985256233,up
HLA-A,7,4,0.01630176809935217,up
HLA-B,7,4,0.037928567052331864,up
IFNGR1,7,4,-0.05769418458058281,down
JAK1,7,4,0.09143695347398466,up
KDM6A,7,4,-0.1428835738584683,down
TGFBR2,7,4,0.33397296518391545,up
CDH3,8,4,5.642636424583355,up
CLDN1,8,4,4.048364718174798,up
CXCL8,8,4,4.209807993597884,up
DPEP1,8,4,4.35415884603968,up
INHBA,8,4,4.842972118007009,up
MMP3,8,4,4.4364662934154415,up
MMP7,8,4,4.524354716618873,up
CXCL10,9,4,1.4632074971174756,up
IL6ST,9,4,-0.5520085176987445,down
JUN,9,4,0.7668882436115911,up
LGR4,9,4,-0.7710666723314551,down
PTEN,9,4,-0.49461394314086365,down
FOXO1,10,4,-0.5440203350579985,down
GADD45B,10,4,-0.0328714774920161,down
IDO1,10,4,0.7836950425828754,up
PDGFRA,10,4,-0.826471738821794,down
PLCG1,10,4,0.6636904541317786,up
SMAD2,10,4,-0.3962393741036984,down
TEK,10,4,-0.6219148094328265,down
ATR,11,4,0.9368449998090836,up
CDK2,11,4,0.9726157433343431,up
CDK8,11,4,0.9299656502216083,up
HDAC2,11,4,0.8319361333455877,up
NKD1,11,4,0.9387767607090511,up
POT1,11,4,0.8945864311614677,up
PTK2,11,4,0.6635462394674464,up
SLC1A5,11,4,0.7416822043839689,up
SMARCA4,11,4,0.8888692415963749,up
SMC1A,11,4,0.8419095457370762,up
TOP1,11,4,0.5930937675833766,up
ACLY,12,4,1.0247297024135655,up
DNMT1,12,4,1.0676858271992247,up
FGFR4,12,4,1.083123932216003,up
RHEB,12,4,1.0259639474412665,up
TNFRSF10B,12,4,1.0040201593697997,up
ALCAM,14,4,0.7690651684199459,up
BUB1B,14,4,1.2078031663783586,up
CCNA2,14,4,1.0451370568246352,up
CCNE2,14,4,0.980853034060312,up
EPHB3,14,4,1.0570033469290478,up
FANCA,14,4,0.8823344901998369,up
GLS,14,4,0.949915538262094,up
LEF1,14,4,1.2982702686743919,up
MKI67,14,4,1.4147643733688293,up
MRE11,14,4,1.151535568678136,up
PKM,14,4,0.7947451554212529,up
PMS1,14,4,0.631633318283952,up
RRM1,14,4,0.6851054704977292,up
TNFRSF10A,14,4,0.7049180687116309,up
CCL5,15,4,-1.4297949844553184,down
CDKN1A,15,4,-0.8846356138601662,down
IGF1,15,4,-1.2654644112608027,down
MAPK3,15,4,-0.5772926394244973,down
RIPK3,15,4,-0.7777943781132413,down
TIAM1,15,4,-1.3831449023039954,down
ASCL2,16,4,3.365563897372484,up
CXCL1,16,4,3.1932713253741105,up
CXCL2,16,4,2.9930231439350514,up
CXCL5,16,4,3.0678401903142043,up
GDF15,16,4,2.927832047960443,up
MMP1,16,4,3.5441565144151532,up
PSAT1,16,4,2.8579217034081204,up
REG1A,16,4,3.511866726488355,up
ACVR2A,17,4,-0.3891312913022575,down
AXIN1,17,4,0.5518001658680748,up
CD3E,17,4,-0.4795907811712099,down
DNMT3A,17,4,0.5470508534067543,up
KRAS,17,4,-0.4968692982014697,down
MTAP,17,4,0.7032841437155769,up
NBN,17,4,0.4841522147076584,up
RELA,17,4,0.6255372889330794,up
CCL20,18,4,1.7123228615070023,up
MMP13,18,4,1.2338464710980321,up
RAD51C,18,4,0.8071261319331864,up
RB1,18,4,0.6433421556908172,up
TGFB2,18,4,0.5828715562541801,up
AKT2,19,4,0.6685801684985178,up
CD4,19,4,-0.6097988157947709,down
DKK3,19,4,0.6839563399170032,up
DKK4,19,4,1.029335764976618,up
DVL3,19,4,0.34430881033230865,up
IL17A,19,4,0.7884241726992364,up
IRS1,19,4,0.7312517901323309,up
CD44,21,4,0.9316968437996671,up
CDC25A,21,4,1.2682156253072592,up
CDKN2A,21,4,0.5597354442932231,up
CTNNB1,21,4,0.3901614246441252,up
IGF2R,21,4,0.5023395948530315,up
MSH2,21,4,0.6694010713910027,up
PFKFB3,21,4,0.8983078095286631,up
PTGES,21,4,0.8098751120219907,up
SERPINE1,21,4,1.315553044449178,up
B2M,22,4,-0.33537731954813427,down
CD8A,22,4,-1.180572582173215,down
CSF1R,22,4,-0.9008519588642822,down
GADD45A,22,4,-0.6123066938927041,down
GZMA,22,4,-1.3498692140894366,down
IL1R1,22,4,-0.8727393099157901,down
JAK2,22,4,-0.6501120009412382,down
SATB2,22,4,-0.6569636469643093,down
CD40,23,4,0.1726014022154129,up
CXCL9,23,4,1.247499626843359,up
DKK2,23,4,1.4403296407444444,up
TAP2,23,4,0.729989468993697,up
ADAM17,24,4,0.6789560380650362,up
CHEK2,24,4,1.019162954912132,up
MMP14,24,4,0.543882755502552,up
POLD1,24,4,0.6925201000336582,up
UMPS,24,4,0.8763141592989406,up
BCL2L1,25,4,1.082132470585614,up
CCNB1,25,4,1.491891482191072,up
E2F3,25,4,1.211738042291177,up
EPHB2,25,4,1.1757421719558172,up
PTTG1,25,4,1.1708284442138794,up
TIMP1,25,4,1.9648700334718032,up
TOP2A,25,4,1.4575334261575768,up
TTK,25,4,1.5004328456989235,up
AURKA,26,4,1.9205148012668642,up
DUSP4,26,4,1.9489536356540256,up
FOXM1,26,4,2.0177884663713868,up
MET,26,4,1.8486933180453218,up
MYC,26,4,1.9060304979965188,up
SOX9,26,4,1.801210222366712,up
SQLE,26,4,2.0107380542305067,up
AXIN2,27,4,2.136777915185833,up
ETV4,27,4,2.4313152997482264,up
LGR5,27,4,2.2271978063703237,up
MMP11,27,4,2.5125672166241197,up
RNF43,27,4,2.286315359859699,up
SCD,27,4,2.1357912226745577,up
SLC7A11,27,4,2.2082790594064927,up
SPP1,27,4,2.171421565601458,up
TGFBI,27,4,2.4956044629674756,up
WNT2,27,4,2.100196206637394,up
BMP7,28,4,0.7711482186212941,up
CSNK2A1,28,4,0.5279886873043699,up
IL23A,28,4,0.6622786575408338,up
LDHA,28,4,0.4139126211099864,up
RAD51,28,4,0.5824187999424201,up
BRD4,29,4,0.7132765865073765,up
HRAS,29,4,0.43622672045629357,up
PIK3R2,29,4,0.6106150914516814,up
TP53BP1,29,4,0.431041484993532,up
CHD4,30,4,0.6122608476424984,up
DDR2,30,4,-0.8777918859626302,down
PPARD,30,4,-0.8249411679741959,down
SMAD7,30,4,-0.7671293757693043,down
VDR,30,4,-0.7962937472610143,down
CDA,31,4,-1.9388621391210075,down
EPAS1,31,4,-0.8002041230130944,down
FAS,31,4,-1.1232049380235116,down
SMAD4,31,4,-0.7531756421184518,down
TET2,31,4,-0.6192757306021797,down
CSF1,32,4,-0.3348691157457096,down
FANCD2,32,4,0.7976185000528186,up
ITGA5,32,4,0.5799049341140595,up
RIPK1,32,4,-0.28733544608774686,down
SFRP2,32,4,-0.34904567834763195,down
EGFR,33,4,-0.43290325350242426,down
PTGS2,33,4,1.006968163071586,up
SMC3,33,4,0.43991510989328236,up
STAT1,33,4,0.5727412349066144,up
TIMP3,33,4,0.38912692039144076,up
TSC1,33,4,-0.19506542589456158,down
GSTP1,36,4,0.7437922444909576,up
PALB2,36,4,0.9916022828238956,up
PDGFRB,36,4,1.009704973256278,up
PLK1,36,4,1.2144894527513928,up
TAP1,36,4,0.8031078165802471,up
TCF7,36,4,0.7063521649101574,up
ZNRF3,36,4,1.3064600332445153,up
BLM,37,4,1.0768619031723432,up
BUB1,37,4,1.565525236009342,up
CCND1,37,4,1.6404302745007635,up
CHEK1,37,4,1.2930154192176528,up
EZH2,37,4,1.141073796036227,up
SLC2A1,37,4,1.2820490531659352,up
IDH2,38,4,0.32334384998831806,up
NTRK2,38,4,-1.1241920782345203,down
SNAI2,38,4,-0.8404076638038426,down
POLE,39,4,0.4787020445336004,up
RAD21,39,4,0.3598227605700964,up
TWIST1,39,4,1.0986433843239563,up
TYMP,39,4,0.6132252931371749,up
BAK1,41,4,-0.31535666731978235,down
CXCR4,41,4,0.2050971339027233,up
DLL1,41,4,-0.32523399880170195,down
ETS1,41,4,-0.3191016180425444,down
PRF1,41,4,-0.1311224160505405,down
ANGPT2,42,4,0.8453808718815293,up
CDK1,42,4,1.722349191970624,up
DNMT3B,42,4,1.266887288750076,up
MSH6,42,4,0.9189614867489372,up
NOTCH3,42,4,1.1250812911387482,up
NTHL1,42,4,0.8801252241386255,up
E2F1,43,4,0.8948867014089311,up
H2AX,43,4,0.8880640052231291,up
PCNA,43,4,0.8804617983695664,up
SPARC,43,4,1.353833711801202,up
WNT11,43,4,1.480027398101365,up
